,SNP,GENE,effect_allele.exposure,other_allele.exposure,effect_allele.outcome,other_allele.outcome,,beta.exposure,beta.outcome,eaf.exposure,eaf.outcome,remove,palindromic,ambiguous,id.outcome,chr,pos,se.outcome,samplesize.outcome,pval.outcome,outcome,originalname.outcome,outcome.deprecated,mr_keep.outcome,data_source.outcome,samplesize.exposure,se.exposure,pos.exposure,chr.exposure,pval.exposure,id.exposure,exposure,mr_keep.exposure,pval_origin.exposure,data_source.exposure,action,mr_keep
1,rs113932726,"	ZPR1",T,C,T,C,,-0.05462,0.0270581,0.0754,0.0692659,FALSE,FALSE,FALSE,bbj-a-158,11,116650638,0.0674228,NA,0.688185,hepatocellular carcinoma || id:bbj-a-158,hepatocellular carcinoma,hepatocellular carcinoma ||  || ,TRUE,igd,NA,0.009683,116650638,11,1.70E-08,bbj-a-31,Low-density-lipoprotein cholesterol || id:bbj-a-31,TRUE,reported,igd,2,TRUE
2,rs149726725,"	RP11-90C4.1",G,A,G,A,,0.1793,-0.00148229,0.0265,0.0255928,FALSE,FALSE,FALSE,bbj-a-158,1,56001534,0.110877,NA,0.989334,hepatocellular carcinoma || id:bbj-a-158,hepatocellular carcinoma,hepatocellular carcinoma ||  || ,TRUE,igd,NA,0.01705,56001534,1,7.11E-26,bbj-a-31,Low-density-lipoprotein cholesterol || id:bbj-a-31,TRUE,reported,igd,2,TRUE
3,rs2001846,"	RP11-136O12.2",C,T,C,T,,-0.03046,-0.0276176,0.5657,0.567164,FALSE,FALSE,FALSE,bbj-a-158,8,126478450,0.0333385,NA,0.407445,hepatocellular carcinoma || id:bbj-a-158,hepatocellular carcinoma,hepatocellular carcinoma ||  || ,TRUE,igd,NA,0.005245,126478450,8,6.34E-09,bbj-a-31,Low-density-lipoprotein cholesterol || id:bbj-a-31,TRUE,reported,igd,2,TRUE
4,rs219558,"	AC011752.1",T,G,T,G,,0.04785,-0.057521,0.2107,0.210035,FALSE,FALSE,FALSE,bbj-a-158,2,21578468,0.0409915,NA,0.160545,hepatocellular carcinoma || id:bbj-a-158,hepatocellular carcinoma,hepatocellular carcinoma ||  || ,TRUE,igd,NA,0.006992,21578468,2,7.76E-12,bbj-a-31,Low-density-lipoprotein cholesterol || id:bbj-a-31,TRUE,reported,igd,2,TRUE
5,rs2337901,"	AC067959.1",T,C,T,C,,-0.05166,-0.0304032,0.744,0.743625,FALSE,FALSE,FALSE,bbj-a-158,2,21537251,0.0378303,NA,0.421586,hepatocellular carcinoma || id:bbj-a-158,hepatocellular carcinoma,hepatocellular carcinoma ||  || ,TRUE,igd,NA,0.005941,21537251,2,3.43E-18,bbj-a-31,Low-density-lipoprotein cholesterol || id:bbj-a-31,TRUE,reported,igd,2,TRUE
6,rs2738464,"	LDLR",C,G,C,G,,0.07458,-0.0567967,0.685,0.685616,FALSE,TRUE,FALSE,bbj-a-158,19,11242307,0.0355942,NA,0.110562,hepatocellular carcinoma || id:bbj-a-158,hepatocellular carcinoma,hepatocellular carcinoma ||  || ,TRUE,igd,NA,0.005624,11242307,19,3.84E-40,bbj-a-31,Low-density-lipoprotein cholesterol || id:bbj-a-31,TRUE,reported,igd,2,TRUE
7,rs28537499,"	MIR148A",C,A,C,A,,-0.03394,0.0100518,0.391,0.392657,FALSE,FALSE,FALSE,bbj-a-158,7,26015392,0.0336725,NA,0.765308,hepatocellular carcinoma || id:bbj-a-158,hepatocellular carcinoma,hepatocellular carcinoma ||  || ,TRUE,igd,NA,0.005325,26015392,7,1.84E-10,bbj-a-31,Low-density-lipoprotein cholesterol || id:bbj-a-31,TRUE,reported,igd,2,TRUE
8,rs3093679,"	TNFAIP1",A,G,A,G,,-0.04275,0.0375513,0.1565,0.156332,FALSE,FALSE,FALSE,bbj-a-158,17,26664215,0.0452686,NA,0.40681,hepatocellular carcinoma || id:bbj-a-158,hepatocellular carcinoma,hepatocellular carcinoma ||  || ,TRUE,igd,NA,0.00712,26664215,17,1.92E-09,bbj-a-31,Low-density-lipoprotein cholesterol || id:bbj-a-31,TRUE,reported,igd,2,TRUE
9,rs3846661,"	HMGCR",G,A,G,A,,0.06316,-0.0511694,0.5107,0.529349,FALSE,FALSE,FALSE,bbj-a-158,5,74639178,0.0330589,NA,0.121664,hepatocellular carcinoma || id:bbj-a-158,hepatocellular carcinoma,hepatocellular carcinoma ||  || ,TRUE,igd,NA,0.005451,74639178,5,4.70E-31,bbj-a-31,Low-density-lipoprotein cholesterol || id:bbj-a-31,TRUE,reported,igd,2,TRUE
10,rs41280378,OIT3,G,T,G,T,,-0.04845,0.0234615,0.2488,0.243942,FALSE,FALSE,FALSE,bbj-a-158,10,74692646,0.0396785,NA,0.554327,hepatocellular carcinoma || id:bbj-a-158,hepatocellular carcinoma,hepatocellular carcinoma ||  || ,TRUE,igd,NA,0.006252,74692646,10,9.19E-15,bbj-a-31,Low-density-lipoprotein cholesterol || id:bbj-a-31,TRUE,reported,igd,2,TRUE
11,rs5167,"	APOC4",G,T,G,T,,-0.03892,-0.0726885,0.4752,0.47461,FALSE,FALSE,FALSE,bbj-a-158,19,45448465,0.0330102,NA,0.027665,hepatocellular carcinoma || id:bbj-a-158,hepatocellular carcinoma,hepatocellular carcinoma ||  || ,TRUE,igd,NA,0.005191,45448465,19,6.51E-14,bbj-a-31,Low-density-lipoprotein cholesterol || id:bbj-a-31,TRUE,reported,igd,2,TRUE
12,rs553427,"	RP4-781K5.7",T,C,T,C,,0.03482,-0.0724546,0.7098,0.715499,FALSE,FALSE,FALSE,bbj-a-158,1,234852760,0.0369712,NA,0.0500242,hepatocellular carcinoma || id:bbj-a-158,hepatocellular carcinoma,hepatocellular carcinoma ||  || ,TRUE,igd,NA,0.005757,234852760,1,1.46E-09,bbj-a-31,Low-density-lipoprotein cholesterol || id:bbj-a-31,TRUE,reported,igd,2,TRUE
13,rs56668103,"	ZHX3",C,T,C,T,,0.03384,0.0500751,0.7229,0.733365,FALSE,FALSE,FALSE,bbj-a-158,20,39826079,0.0372583,NA,0.178949,hepatocellular carcinoma || id:bbj-a-158,hepatocellular carcinoma,hepatocellular carcinoma ||  || ,TRUE,igd,NA,0.00585,39826079,20,7.27E-09,bbj-a-31,Low-density-lipoprotein cholesterol || id:bbj-a-31,TRUE,reported,igd,2,TRUE
14,rs56903760,"	ALDH1A2",T,C,T,C,,0.0334,-0.023682,0.2705,0.269021,FALSE,FALSE,FALSE,bbj-a-158,15,58692681,0.0374363,NA,0.526998,hepatocellular carcinoma || id:bbj-a-158,hepatocellular carcinoma,hepatocellular carcinoma ||  || ,TRUE,igd,NA,0.005917,58692681,15,1.65E-08,bbj-a-31,Low-density-lipoprotein cholesterol || id:bbj-a-31,TRUE,reported,igd,2,TRUE
15,rs57825321,"	APOB",A,T,A,T,,-0.09537,0.0184953,0.1265,0.123622,FALSE,TRUE,FALSE,bbj-a-158,2,21247065,0.0506222,NA,0.714842,hepatocellular carcinoma || id:bbj-a-158,hepatocellular carcinoma,hepatocellular carcinoma ||  || ,TRUE,igd,NA,0.008365,21247065,2,4.11E-30,bbj-a-31,Low-density-lipoprotein cholesterol || id:bbj-a-31,TRUE,reported,igd,2,TRUE
16,rs62117162,"	snoZ6",A,C,A,C,,0.04092,-0.0188069,0.17,0.166308,FALSE,FALSE,FALSE,bbj-a-158,19,45239536,0.0442479,NA,0.670811,hepatocellular carcinoma || id:bbj-a-158,hepatocellular carcinoma,hepatocellular carcinoma ||  || ,TRUE,igd,NA,0.006887,45239536,19,2.82E-09,bbj-a-31,Low-density-lipoprotein cholesterol || id:bbj-a-31,TRUE,reported,igd,2,TRUE
17,rs660240,"	CELSR2",C,T,C,T,,0.1122,-0.144469,0.9282,0.928959,FALSE,FALSE,FALSE,bbj-a-158,1,109817838,0.0633465,NA,0.0225715,hepatocellular carcinoma || id:bbj-a-158,hepatocellular carcinoma,hepatocellular carcinoma ||  || ,TRUE,igd,NA,0.01013,109817838,1,1.79E-28,bbj-a-31,Low-density-lipoprotein cholesterol || id:bbj-a-31,TRUE,reported,igd,2,TRUE
18,rs6882076,"	TIMD4",C,T,C,T,,0.04276,0.0320515,0.8232,0.827324,FALSE,FALSE,FALSE,bbj-a-158,5,156390297,0.0434004,NA,0.460207,hepatocellular carcinoma || id:bbj-a-158,hepatocellular carcinoma,hepatocellular carcinoma ||  || ,TRUE,igd,NA,0.007473,156390297,5,1.05E-08,bbj-a-31,Low-density-lipoprotein cholesterol || id:bbj-a-31,TRUE,reported,igd,2,TRUE
19,rs7254892,"	NECTIN2",A,G,A,G,,-0.4304,-0.074236,0.048,0.046621,FALSE,FALSE,FALSE,bbj-a-158,19,45389596,0.0866699,NA,0.391701,hepatocellular carcinoma || id:bbj-a-158,hepatocellular carcinoma,hepatocellular carcinoma ||  || ,TRUE,igd,NA,0.01294,45389596,19,1.00E-200,bbj-a-31,Low-density-lipoprotein cholesterol || id:bbj-a-31,TRUE,reported,igd,2,TRUE
20,rs737337,"	DOCK6",C,T,C,T,,-0.03363,0.0200699,0.2662,0.26684,FALSE,FALSE,FALSE,bbj-a-158,19,11347493,0.0372889,NA,0.590421,hepatocellular carcinoma || id:bbj-a-158,hepatocellular carcinoma,hepatocellular carcinoma ||  || ,TRUE,igd,NA,0.005887,11347493,19,1.11E-08,bbj-a-31,Low-density-lipoprotein cholesterol || id:bbj-a-31,TRUE,reported,igd,2,TRUE
21,rs75061399,"	NR1H4",A,G,A,G,,0.03396,-0.00593258,0.264,0.249224,FALSE,FALSE,FALSE,bbj-a-158,12,100942077,0.0395073,NA,0.880635,hepatocellular carcinoma || id:bbj-a-158,hepatocellular carcinoma,hepatocellular carcinoma ||  || ,TRUE,igd,NA,0.006221,100942077,12,4.80E-08,bbj-a-31,Low-density-lipoprotein cholesterol || id:bbj-a-31,TRUE,reported,igd,2,TRUE
22,rs75214121,"	CYP7A1",T,C,T,C,,-0.03326,-0.00607219,0.2812,0.278354,FALSE,FALSE,FALSE,bbj-a-158,8,59398276,0.0368584,NA,0.869146,hepatocellular carcinoma || id:bbj-a-158,hepatocellular carcinoma,hepatocellular carcinoma ||  || ,TRUE,igd,NA,0.005784,59398276,8,8.88E-09,bbj-a-31,Low-density-lipoprotein cholesterol || id:bbj-a-31,TRUE,reported,igd,2,TRUE
23,rs7523141,"	PCSK9",T,C,T,C,,0.06155,-0.04566,0.7124,0.710418,FALSE,FALSE,FALSE,bbj-a-158,1,55498798,0.037761,NA,0.226591,hepatocellular carcinoma || id:bbj-a-158,hepatocellular carcinoma,hepatocellular carcinoma ||  || ,TRUE,igd,NA,0.00592,55498798,1,2.55E-25,bbj-a-31,Low-density-lipoprotein cholesterol || id:bbj-a-31,TRUE,reported,igd,2,TRUE
24,rs75352129,"	HS1BP3",T,C,T,C,,0.2101,0.0891156,0.0522,0.0482842,FALSE,FALSE,FALSE,bbj-a-158,2,20848192,0.0825915,NA,0.280591,hepatocellular carcinoma || id:bbj-a-158,hepatocellular carcinoma,hepatocellular carcinoma ||  || ,TRUE,igd,NA,0.01298,20848192,2,5.64E-59,bbj-a-31,Low-density-lipoprotein cholesterol || id:bbj-a-31,TRUE,reported,igd,2,TRUE
25,rs77303550,"	TXNL4B",T,C,T,C,,-0.05635,-0.0357405,0.2326,0.214727,FALSE,FALSE,FALSE,bbj-a-158,16,72079657,0.0420202,NA,0.395016,hepatocellular carcinoma || id:bbj-a-158,hepatocellular carcinoma,hepatocellular carcinoma ||  || ,TRUE,igd,NA,0.00698,72079657,16,6.85E-16,bbj-a-31,Low-density-lipoprotein cholesterol || id:bbj-a-31,TRUE,reported,igd,2,TRUE
26,rs79901333,GOT2P1,G,A,G,A,,0.04827,0.0153604,0.1858,0.18501,FALSE,FALSE,FALSE,bbj-a-158,1,55821211,0.042927,NA,0.720473,hepatocellular carcinoma || id:bbj-a-158,hepatocellular carcinoma,hepatocellular carcinoma ||  || ,TRUE,igd,NA,0.006763,55821211,1,9.52E-13,bbj-a-31,Low-density-lipoprotein cholesterol || id:bbj-a-31,TRUE,reported,igd,2,TRUE
27,rs9411378,"	ABO",A,C,A,C,,0.05624,-0.031713,0.2562,0.287916,FALSE,FALSE,FALSE,bbj-a-158,9,136145425,0.0395059,NA,0.422125,hepatocellular carcinoma || id:bbj-a-158,hepatocellular carcinoma,hepatocellular carcinoma ||  || ,TRUE,igd,NA,0.006199,136145425,9,1.16E-19,bbj-a-31,Low-density-lipoprotein cholesterol || id:bbj-a-31,TRUE,reported,igd,2,TRUE
